Last updated: 20 May, 2024 - 14:37 CET
2 Stacked VCRs;Teacher
Bannton;Teacher
Damon Nuttree;Student
Dragonfall97;Student
Eric Fardoux;Student
Hanz;Teacher
Hathion;Free
IcyGarth;Teacher
Jaber;Teacher
Kev Stein;Teacher
Liam Altair;Student
Lord Lichi;Teacher
Mikko HemilÃ¤;Teacher
Sebastian Steinmetz;Teacher
Swarm;Free
Thatchman21;Teacher
Thomas Bernegger;Student
Wesley Dutko;Student
Wissanu Uea-Amornleot;Student
Zlatomlat;Student
helge berÃ¥s;Student
lobisse;Teacher
ratking;Teacher

Neue Zeile hinzugefügt durch Skript.
