location,Location
girl_name,Girl
topic,Topic
dorm_room,Dorm Room
shower,Shower
variant,Variant
teacher,Teacher
education,Education
inhibition,Inhibition
corruption,Corruption
happiness,Happiness
charm,Charm
money,Money
reputation,Reputation
class,Class
amount,Amount
girl_1,1.Girl
girl_2,2.Girl
girl_3,3.Girl
patrol,Patrol
teach_class,Teach Class
check_class,Check Class
peek_students,Peek Students
look_around,Look Around
male_enter,Enter male bath
female_enter,Enter female bath
female_peek,Peek into female bath
mixed_enter,Enter mixed bath
mixed_peek,Peek into mixed bath
eat_alone,Eat Alone
eat_student,Eat with Students
eat_teacher,Eat with Teacher
eat_look,Look Around
talk_student,Talk to Student
talk_teacher,Talk to Teacher
go_teacher,Go to Teacher
go_students,Go to Student
check_storage,Check Storage
peek_changing,Peek into Changing Room
enter_changing,Enter Changing Room
check_pe,Check P.E. Class
teach_pe,Teach P.E. Class
teach_class,Teach Class
steal_panties,Steal Panties
get_snack,Get a snack
tutorial,About the school...
paperwork,Do Paperwork
learn,Learn subject
check_rooms,Check Rooms

###############
# Event Names

# Bath

# Cafeteria
cafeteria_event_1,Get some Coffee
cafeteria_event_2,Getting ready
cafeteria_event_3,A lot to do
cafeteria_event_4,Students at work
cafeteria_event_5,Eating in silence

# Courtyard
first_potion_courtyard_event,First Potion
first_week_courtyard_event,First Week
courtyard_event_1,Gist of Wind
courtyard_event_2,Girl sitting alone
courtyard_event_3,Girls taking a break

# Gym
first_potion_gym_event,First Potion
first_week_gym_event,First Week
gym_event_1,Girls getting ready
gym_event_2,Walk in Clothing Room
gym_event_3,Missing her Sports Clothes

# Kiosk
first_potion_kiosk_event,First Potion
first_week_kiosk_event,First Week
kiosk_event_1,Coffee saves the day
kiosk_event_2,Spilled drink
kiosk_event_3,Expensive Bento

# Office Building
first_potion_office_building_event,First Potion
first_week_office_building_event,First Week
office_event_1,In need of counseling
office_event_2,Teacher need a break
office_event_3,Two students waiting

# School Building
first_potion_sb_event,First Potion
first_week_sb_event,First Week
first_class_sb_event,First Class
sb_event_1,Couples kissing
sb_event_2,Student tripping in class
sb_event_3,Crying girl

# School Dormitory
first_potion_school_dormitory_event,First Potion
first_week_school_dormitory_event,First Week
sd_event_1,Homework is hard
sd_event_2,Walk in on Girl
sd_event_3,Ready to bunk

# Sports Field

# Swimming Pool

# Tennis Court

# Misc
first_week_epilogue,First Week Epilogue
first_week_epilogue_final,First Week Epilogue Final
first_pta_meeting,First PTA Meeting